run_id,condition,smm_mode,explicit_smm_memory,run_tag,status,timestamp,completed_at,rounds,agent_turns,agent_tool_calls,agent_tool_messages,memory_updates,total_messages,input_tokens,output_tokens,total_tokens,runtime_seconds,final_candidate,decision_method,correct_candidate,decision_correct,mean_pairwise_memory_similarity,min_pairwise_memory_similarity,max_pairwise_memory_similarity,memory_similarity_method,embedding_model,metadata_file,votes_candidate_a,votes_candidate_b,votes_candidate_c,votes_candidate_d,similarity_agent_1_agent_2,similarity_agent_1_agent_3,similarity_agent_2_agent_3
low_baseline_20260507_140016_001,low,baseline,False,transparency_experiment,completed,20260507_210758,2026-05-07T21:09:30+0200,5,15,0,0,0,15,25232,10470,35702,91.9981,Candidate A,max_round_majority_vote,Candidate C,0,,,,not_applicable,,01_data/raw/simulations/low/low_baseline_20260507_140016_001/metadata.json,2,0,1,0,,,
low_baseline_20260507_140016_002,low,baseline,False,transparency_experiment,completed,20260507_210933,2026-05-07T21:11:08+0200,5,15,0,0,0,15,25225,10464,35689,94.7357,Candidate A,max_round_majority_vote,Candidate C,0,,,,not_applicable,,01_data/raw/simulations/low/low_baseline_20260507_140016_002/metadata.json,2,1,0,0,,,
low_baseline_20260507_140016_003,low,baseline,False,transparency_experiment,completed,20260507_211111,2026-05-07T21:12:27+0200,5,15,0,0,0,15,25106,9409,34515,76.3933,Candidate A,max_round_majority_vote,Candidate C,0,,,,not_applicable,,01_data/raw/simulations/low/low_baseline_20260507_140016_003/metadata.json,2,1,0,0,,,
low_baseline_20260507_140016_004,low,baseline,False,transparency_experiment,completed,20260507_211230,2026-05-07T21:14:02+0200,5,15,0,0,0,15,25099,11066,36165,91.5416,Candidate A,max_round_majority_vote,Candidate C,0,,,,not_applicable,,01_data/raw/simulations/low/low_baseline_20260507_140016_004/metadata.json,2,1,0,0,,,
low_baseline_20260507_140016_005,low,baseline,False,transparency_experiment,completed,20260507_211405,2026-05-07T21:15:52+0200,5,15,0,0,0,15,25361,11797,37158,107.2742,,max_round_no_majority,Candidate C,0,,,,not_applicable,,01_data/raw/simulations/low/low_baseline_20260507_140016_005/metadata.json,1,1,1,0,,,
low_baseline_20260507_140016_006,low,baseline,False,transparency_experiment,completed,20260507_211555,2026-05-07T21:16:34+0200,2,6,0,0,0,6,8999,4329,13328,38.7598,Candidate B,consensus,Candidate C,0,,,,not_applicable,,01_data/raw/simulations/low/low_baseline_20260507_140016_006/metadata.json,0,3,0,0,,,
low_baseline_20260507_140016_007,low,baseline,False,transparency_experiment,completed,20260507_211637,2026-05-07T21:18:01+0200,5,15,0,0,0,15,25057,9579,34636,84.2244,Candidate B,max_round_majority_vote,Candidate C,0,,,,not_applicable,,01_data/raw/simulations/low/low_baseline_20260507_140016_007/metadata.json,1,2,0,0,,,
low_baseline_20260507_140016_008,low,baseline,False,transparency_experiment,completed,20260507_211804,2026-05-07T21:19:41+0200,5,15,0,0,0,15,25127,10912,36039,96.5974,Candidate C,max_round_majority_vote,Candidate C,1,,,,not_applicable,,01_data/raw/simulations/low/low_baseline_20260507_140016_008/metadata.json,0,1,2,0,,,
low_baseline_20260507_140016_009,low,baseline,False,transparency_experiment,completed,20260507_211944,2026-05-07T21:21:01+0200,5,15,0,0,0,15,25141,8993,34134,77.3206,Candidate A,max_round_majority_vote,Candidate C,0,,,,not_applicable,,01_data/raw/simulations/low/low_baseline_20260507_140016_009/metadata.json,2,1,0,0,,,
low_baseline_20260507_140016_010,low,baseline,False,transparency_experiment,completed,20260507_212104,2026-05-07T21:22:32+0200,5,15,0,0,0,15,25224,10390,35614,87.917,Candidate B,max_round_majority_vote,Candidate C,0,,,,not_applicable,,01_data/raw/simulations/low/low_baseline_20260507_140016_010/metadata.json,0,2,1,0,,,
low_baseline_20260507_140016_011,low,baseline,False,transparency_experiment,completed,20260507_212235,2026-05-07T21:23:56+0200,5,15,0,0,0,15,25024,9788,34812,80.9331,Candidate A,consensus,Candidate C,0,,,,not_applicable,,01_data/raw/simulations/low/low_baseline_20260507_140016_011/metadata.json,3,0,0,0,,,
low_baseline_20260507_140016_012,low,baseline,False,transparency_experiment,completed,20260507_212359,2026-05-07T21:25:26+0200,5,15,0,0,0,15,25069,10514,35583,86.6382,Candidate B,max_round_majority_vote,Candidate C,0,,,,not_applicable,,01_data/raw/simulations/low/low_baseline_20260507_140016_012/metadata.json,0,2,1,0,,,
low_baseline_20260507_140016_013,low,baseline,False,transparency_experiment,completed,20260507_212529,2026-05-07T21:26:51+0200,5,15,0,0,0,15,25361,10624,35985,82.1643,,max_round_no_majority,Candidate C,0,,,,not_applicable,,01_data/raw/simulations/low/low_baseline_20260507_140016_013/metadata.json,1,1,1,0,,,
low_baseline_20260507_140016_014,low,baseline,False,transparency_experiment,completed,20260507_212654,2026-05-07T21:28:10+0200,5,15,0,0,0,15,25048,9446,34494,75.6072,,max_round_no_majority,Candidate C,0,,,,not_applicable,,01_data/raw/simulations/low/low_baseline_20260507_140016_014/metadata.json,1,1,1,0,,,
low_baseline_20260507_140016_015,low,baseline,False,transparency_experiment,completed,20260507_212813,2026-05-07T21:29:25+0200,4,12,0,0,0,12,19410,8694,28104,71.4076,Candidate D,consensus,Candidate C,0,,,,not_applicable,,01_data/raw/simulations/low/low_baseline_20260507_140016_015/metadata.json,0,0,0,3,,,
low_baseline_20260507_140016_016,low,baseline,False,transparency_experiment,completed,20260507_212928,2026-05-07T21:30:49+0200,5,15,0,0,0,15,25283,9570,34853,81.6166,Candidate B,max_round_majority_vote,Candidate C,0,,,,not_applicable,,01_data/raw/simulations/low/low_baseline_20260507_140016_016/metadata.json,0,2,1,0,,,
low_baseline_20260507_140016_017,low,baseline,False,transparency_experiment,completed,20260507_213052,2026-05-07T21:31:26+0200,2,6,0,0,0,6,9046,4114,13160,33.6378,Candidate B,consensus,Candidate C,0,,,,not_applicable,,01_data/raw/simulations/low/low_baseline_20260507_140016_017/metadata.json,0,3,0,0,,,
low_baseline_20260507_140016_018,low,baseline,False,transparency_experiment,completed,20260507_213129,2026-05-07T21:32:35+0200,5,15,0,0,0,15,25325,8626,33951,65.7584,Candidate A,max_round_majority_vote,Candidate C,0,,,,not_applicable,,01_data/raw/simulations/low/low_baseline_20260507_140016_018/metadata.json,2,1,0,0,,,
low_baseline_20260507_140016_019,low,baseline,False,transparency_experiment,completed,20260507_213238,2026-05-07T21:34:02+0200,5,15,0,0,0,15,25160,10327,35487,84.3779,Candidate B,max_round_majority_vote,Candidate C,0,,,,not_applicable,,01_data/raw/simulations/low/low_baseline_20260507_140016_019/metadata.json,1,2,0,0,,,
low_baseline_20260507_140016_020,low,baseline,False,transparency_experiment,completed,20260507_213405,2026-05-07T21:35:40+0200,5,15,0,0,0,15,25299,11029,36328,95.4184,Candidate B,max_round_majority_vote,Candidate C,0,,,,not_applicable,,01_data/raw/simulations/low/low_baseline_20260507_140016_020/metadata.json,1,2,0,0,,,
low_baseline_20260507_140016_021,low,baseline,False,transparency_experiment,completed,20260507_213543,2026-05-07T21:37:15+0200,5,15,0,0,0,15,25188,11399,36587,91.7948,,max_round_no_majority,Candidate C,0,,,,not_applicable,,01_data/raw/simulations/low/low_baseline_20260507_140016_021/metadata.json,0,1,1,1,,,
low_baseline_20260507_140016_022,low,baseline,False,transparency_experiment,completed,20260507_213718,2026-05-07T21:38:36+0200,5,15,0,0,0,15,25162,9324,34486,77.8961,,max_round_no_majority,Candidate C,0,,,,not_applicable,,01_data/raw/simulations/low/low_baseline_20260507_140016_022/metadata.json,1,1,1,0,,,
low_baseline_20260507_140016_023,low,baseline,False,transparency_experiment,completed,20260507_213840,2026-05-07T21:40:16+0200,5,15,0,0,0,15,25173,11182,36355,96.4119,Candidate B,max_round_majority_vote,Candidate C,0,,,,not_applicable,,01_data/raw/simulations/low/low_baseline_20260507_140016_023/metadata.json,0,2,1,0,,,
low_baseline_20260507_140016_024,low,baseline,False,transparency_experiment,completed,20260507_214019,2026-05-07T21:41:49+0200,5,15,0,0,0,15,25098,10247,35345,90.2837,Candidate A,max_round_majority_vote,Candidate C,0,,,,not_applicable,,01_data/raw/simulations/low/low_baseline_20260507_140016_024/metadata.json,2,1,0,0,,,
low_baseline_20260507_140016_025,low,baseline,False,transparency_experiment,completed,20260507_214152,2026-05-07T21:43:21+0200,5,15,0,0,0,15,25193,9709,34902,88.6282,Candidate B,max_round_majority_vote,Candidate C,0,,,,not_applicable,,01_data/raw/simulations/low/low_baseline_20260507_140016_025/metadata.json,0,2,1,0,,,
low_baseline_20260507_140016_026,low,baseline,False,transparency_experiment,completed,20260507_214323,2026-05-07T21:44:59+0200,5,15,0,0,0,15,25223,11393,36616,96.0726,Candidate B,max_round_majority_vote,Candidate C,0,,,,not_applicable,,01_data/raw/simulations/low/low_baseline_20260507_140016_026/metadata.json,1,2,0,0,,,
low_baseline_20260507_140016_027,low,baseline,False,transparency_experiment,completed,20260507_214503,2026-05-07T21:46:23+0200,5,15,0,0,0,15,25041,9575,34616,79.9937,,max_round_no_majority,Candidate C,0,,,,not_applicable,,01_data/raw/simulations/low/low_baseline_20260507_140016_027/metadata.json,1,1,1,0,,,
low_baseline_20260507_140016_028,low,baseline,False,transparency_experiment,completed,20260507_214626,2026-05-07T21:47:10+0200,3,9,0,0,0,9,14074,5704,19778,43.8002,Candidate A,consensus,Candidate C,0,,,,not_applicable,,01_data/raw/simulations/low/low_baseline_20260507_140016_028/metadata.json,3,0,0,0,,,
low_baseline_20260507_140016_029,low,baseline,False,transparency_experiment,completed,20260507_214713,2026-05-07T21:48:48+0200,5,15,0,0,0,15,25091,10219,35310,95.1633,Candidate A,max_round_majority_vote,Candidate C,0,,,,not_applicable,,01_data/raw/simulations/low/low_baseline_20260507_140016_029/metadata.json,2,1,0,0,,,
low_baseline_20260507_140016_030,low,baseline,False,transparency_experiment,completed,20260507_214851,2026-05-07T21:50:21+0200,5,15,0,0,0,15,25186,10165,35351,89.6384,,max_round_no_majority,Candidate C,0,,,,not_applicable,,01_data/raw/simulations/low/low_baseline_20260507_140016_030/metadata.json,1,1,0,1,,,
low_treatment_20260507_140016_001,low,treatment,True,transparency_experiment,completed,20260507_140020,2026-05-07T14:09:09+0200,5,15,0,0,45,15,111873,49901,161774,529.5424,Candidate C,max_round_majority_vote,Candidate C,1,0.79255,0.733457,0.90271,embedding_cosine,nvidia/llama-nemotron-embed-1b-v2,01_data/raw/simulations/low/low_treatment_20260507_140016_001/metadata.json,1,0,2,0,0.90271,0.733457,0.741484
low_treatment_20260507_140016_002,low,treatment,True,transparency_experiment,completed,20260507_140912,2026-05-07T14:12:58+0200,5,15,0,0,45,15,117003,49869,166872,225.6694,,max_round_no_majority,Candidate C,0,0.862149,0.817857,0.921763,embedding_cosine,nvidia/llama-nemotron-embed-1b-v2,01_data/raw/simulations/low/low_treatment_20260507_140016_002/metadata.json,1,1,1,0,0.921763,0.846827,0.817857
low_treatment_20260507_140016_003,low,treatment,True,transparency_experiment,completed,20260507_141301,2026-05-07T14:16:26+0200,5,15,0,0,45,15,110102,44077,154179,205.265,Candidate A,max_round_majority_vote,Candidate C,0,0.890681,0.882264,0.904156,embedding_cosine,nvidia/llama-nemotron-embed-1b-v2,01_data/raw/simulations/low/low_treatment_20260507_140016_003/metadata.json,2,1,0,0,0.885623,0.904156,0.882264
low_treatment_20260507_140016_004,low,treatment,True,transparency_experiment,completed,20260507_141629,2026-05-07T14:20:05+0200,5,15,0,0,45,15,114055,47998,162053,215.3181,,max_round_no_majority,Candidate C,0,0.801717,0.748197,0.890235,embedding_cosine,nvidia/llama-nemotron-embed-1b-v2,01_data/raw/simulations/low/low_treatment_20260507_140016_004/metadata.json,1,1,1,0,0.890235,0.76672,0.748197
low_treatment_20260507_140016_005,low,treatment,True,transparency_experiment,completed,20260507_142008,2026-05-07T14:23:28+0200,5,15,0,0,45,15,117561,49395,166956,199.684,,max_round_no_majority,Candidate C,0,0.803668,0.767118,0.8568,embedding_cosine,nvidia/llama-nemotron-embed-1b-v2,01_data/raw/simulations/low/low_treatment_20260507_140016_005/metadata.json,1,1,1,0,0.767118,0.787086,0.8568
low_treatment_20260507_140016_006,low,treatment,True,transparency_experiment,completed,20260507_142331,2026-05-07T14:26:56+0200,5,15,0,0,45,15,113678,46932,160610,205.4353,,max_round_no_majority,Candidate C,0,0.806254,0.766557,0.857997,embedding_cosine,nvidia/llama-nemotron-embed-1b-v2,01_data/raw/simulations/low/low_treatment_20260507_140016_006/metadata.json,1,1,1,0,0.766557,0.794208,0.857997
low_treatment_20260507_140016_007,low,treatment,True,transparency_experiment,completed,20260507_142659,2026-05-07T14:30:19+0200,5,15,0,0,45,15,114678,47166,161844,199.8209,Candidate C,max_round_majority_vote,Candidate C,1,0.886628,0.871973,0.904258,embedding_cosine,nvidia/llama-nemotron-embed-1b-v2,01_data/raw/simulations/low/low_treatment_20260507_140016_007/metadata.json,0,1,2,0,0.883654,0.904258,0.871973
low_treatment_20260507_140016_008,low,treatment,True,transparency_experiment,completed,20260507_143023,2026-05-07T14:35:16+0200,5,15,0,0,45,15,116040,51058,167098,293.8235,Candidate C,max_round_majority_vote,Candidate C,1,0.747657,0.690256,0.799939,embedding_cosine,nvidia/llama-nemotron-embed-1b-v2,01_data/raw/simulations/low/low_treatment_20260507_140016_008/metadata.json,0,1,2,0,0.799939,0.690256,0.752776
low_treatment_20260507_140016_009,low,treatment,True,transparency_experiment,completed,20260507_143519,2026-05-07T14:38:57+0200,5,15,0,0,45,15,108760,44315,153075,217.0738,Candidate B,max_round_majority_vote,Candidate C,0,0.823366,0.768934,0.931215,embedding_cosine,nvidia/llama-nemotron-embed-1b-v2,01_data/raw/simulations/low/low_treatment_20260507_140016_009/metadata.json,0,2,1,0,0.76995,0.931215,0.768934
low_treatment_20260507_140016_010,low,treatment,True,transparency_experiment,completed,20260507_143900,2026-05-07T14:43:12+0200,5,15,0,0,45,15,113559,47033,160592,252.37,Candidate C,max_round_majority_vote,Candidate C,1,0.810647,0.751904,0.922994,embedding_cosine,nvidia/llama-nemotron-embed-1b-v2,01_data/raw/simulations/low/low_treatment_20260507_140016_010/metadata.json,0,1,2,0,0.751904,0.922994,0.757042
low_treatment_20260507_140016_011,low,treatment,True,transparency_experiment,completed,20260507_144315,2026-05-07T14:47:25+0200,5,15,0,0,45,15,119576,52197,171773,249.8968,Candidate A,max_round_majority_vote,Candidate C,0,0.791216,0.766074,0.810627,embedding_cosine,nvidia/llama-nemotron-embed-1b-v2,01_data/raw/simulations/low/low_treatment_20260507_140016_011/metadata.json,2,1,0,0,0.796947,0.766074,0.810627
low_treatment_20260507_140016_012,low,treatment,True,transparency_experiment,completed,20260507_144728,2026-05-07T14:51:21+0200,5,15,0,0,45,15,116195,50033,166228,233.4347,Candidate A,max_round_majority_vote,Candidate C,0,0.824589,0.785259,0.89131,embedding_cosine,nvidia/llama-nemotron-embed-1b-v2,01_data/raw/simulations/low/low_treatment_20260507_140016_012/metadata.json,2,0,0,1,0.797198,0.89131,0.785259
low_treatment_20260507_140016_013,low,treatment,True,transparency_experiment,completed,20260507_145124,2026-05-07T14:55:08+0200,5,15,0,0,45,15,117449,50479,167928,223.7344,Candidate A,max_round_majority_vote,Candidate C,0,0.890913,0.879288,0.897218,embedding_cosine,nvidia/llama-nemotron-embed-1b-v2,01_data/raw/simulations/low/low_treatment_20260507_140016_013/metadata.json,2,1,0,0,0.879288,0.896233,0.897218
low_treatment_20260507_140016_014,low,treatment,True,transparency_experiment,completed,20260507_145511,2026-05-07T14:59:05+0200,5,15,0,0,45,15,115039,48298,163337,234.1688,,max_round_no_majority,Candidate C,0,0.756202,0.721302,0.77641,embedding_cosine,nvidia/llama-nemotron-embed-1b-v2,01_data/raw/simulations/low/low_treatment_20260507_140016_014/metadata.json,0,1,1,1,0.770894,0.721302,0.77641
low_treatment_20260507_140016_015,low,treatment,True,transparency_experiment,completed,20260507_145908,2026-05-07T15:02:52+0200,5,15,0,0,45,15,113416,47474,160890,223.3717,Candidate A,max_round_majority_vote,Candidate C,0,0.833767,0.789862,0.898209,embedding_cosine,nvidia/llama-nemotron-embed-1b-v2,01_data/raw/simulations/low/low_treatment_20260507_140016_015/metadata.json,2,1,0,0,0.813229,0.898209,0.789862
low_treatment_20260507_140016_016,low,treatment,True,transparency_experiment,completed,20260507_150255,2026-05-07T15:06:27+0200,5,15,0,0,45,15,113289,48021,161310,212.1337,Candidate A,max_round_majority_vote,Candidate C,0,0.859775,0.82046,0.932844,embedding_cosine,nvidia/llama-nemotron-embed-1b-v2,01_data/raw/simulations/low/low_treatment_20260507_140016_016/metadata.json,2,1,0,0,0.932844,0.826021,0.82046
low_treatment_20260507_140016_017,low,treatment,True,transparency_experiment,completed,20260507_150630,2026-05-07T15:10:39+0200,5,15,0,0,45,15,112530,49346,161876,249.1383,Candidate A,max_round_majority_vote,Candidate C,0,0.836553,0.790927,0.910922,embedding_cosine,nvidia/llama-nemotron-embed-1b-v2,01_data/raw/simulations/low/low_treatment_20260507_140016_017/metadata.json,2,0,0,1,0.807809,0.790927,0.910922
low_treatment_20260507_140016_018,low,treatment,True,transparency_experiment,completed,20260507_151042,2026-05-07T15:14:22+0200,5,15,0,0,45,15,115579,48600,164179,220.0996,,max_round_no_majority,Candidate C,0,0.811263,0.763993,0.898732,embedding_cosine,nvidia/llama-nemotron-embed-1b-v2,01_data/raw/simulations/low/low_treatment_20260507_140016_018/metadata.json,1,1,0,1,0.771064,0.763993,0.898732
low_treatment_20260507_140016_019,low,treatment,True,transparency_experiment,completed,20260507_151425,2026-05-07T15:17:44+0200,5,15,0,0,45,15,112306,47970,160276,198.3062,Candidate A,max_round_majority_vote,Candidate C,0,0.82464,0.803938,0.849895,embedding_cosine,nvidia/llama-nemotron-embed-1b-v2,01_data/raw/simulations/low/low_treatment_20260507_140016_019/metadata.json,2,1,0,0,0.803938,0.820086,0.849895
low_treatment_20260507_140016_020,low,treatment,True,transparency_experiment,completed,20260507_151747,2026-05-07T15:20:53+0200,5,15,0,0,45,15,112747,47909,160656,186.2224,,max_round_no_majority,Candidate C,0,0.79318,0.720164,0.907336,embedding_cosine,nvidia/llama-nemotron-embed-1b-v2,01_data/raw/simulations/low/low_treatment_20260507_140016_020/metadata.json,1,1,1,0,0.752039,0.907336,0.720164
low_treatment_20260507_140016_021,low,treatment,True,transparency_experiment,completed,20260507_152056,2026-05-07T15:24:11+0200,5,15,0,0,45,15,110648,46040,156688,194.4979,Candidate B,max_round_majority_vote,Candidate C,0,0.886699,0.875417,0.898149,embedding_cosine,nvidia/llama-nemotron-embed-1b-v2,01_data/raw/simulations/low/low_treatment_20260507_140016_021/metadata.json,1,2,0,0,0.898149,0.875417,0.886531
low_treatment_20260507_140016_022,low,treatment,True,transparency_experiment,completed,20260507_152414,2026-05-07T15:25:49+0200,2,6,0,0,18,6,43616,21610,65226,95.0685,Candidate C,consensus,Candidate C,1,0.821873,0.745192,0.916364,embedding_cosine,nvidia/llama-nemotron-embed-1b-v2,01_data/raw/simulations/low/low_treatment_20260507_140016_022/metadata.json,0,0,3,0,0.916364,0.804063,0.745192
low_treatment_20260507_140016_023,low,treatment,True,transparency_experiment,completed,20260507_152552,2026-05-07T15:29:15+0200,5,15,0,0,45,15,117756,49336,167092,202.3098,,max_round_no_majority,Candidate C,0,0.83894,0.798049,0.885846,embedding_cosine,nvidia/llama-nemotron-embed-1b-v2,01_data/raw/simulations/low/low_treatment_20260507_140016_023/metadata.json,1,1,0,1,0.832926,0.798049,0.885846
low_treatment_20260507_140016_024,low,treatment,True,transparency_experiment,completed,20260507_152918,2026-05-07T15:32:23+0200,5,15,0,0,45,15,114200,46520,160720,185.4908,,max_round_no_majority,Candidate C,0,0.912983,0.903881,0.924601,embedding_cosine,nvidia/llama-nemotron-embed-1b-v2,01_data/raw/simulations/low/low_treatment_20260507_140016_024/metadata.json,1,1,0,1,0.910466,0.903881,0.924601
low_treatment_20260507_140016_025,low,treatment,True,transparency_experiment,completed,20260507_153226,2026-05-07T15:35:41+0200,5,15,0,0,45,15,112207,48160,160367,194.5681,Candidate C,max_round_majority_vote,Candidate C,1,0.797405,0.757033,0.85622,embedding_cosine,nvidia/llama-nemotron-embed-1b-v2,01_data/raw/simulations/low/low_treatment_20260507_140016_025/metadata.json,0,1,2,0,0.757033,0.85622,0.778963
low_treatment_20260507_140016_026,low,treatment,True,transparency_experiment,completed,20260507_153544,2026-05-07T15:39:03+0200,5,15,0,0,45,15,111544,44644,156188,199.2798,,max_round_no_majority,Candidate C,0,0.904895,0.885161,0.916185,embedding_cosine,nvidia/llama-nemotron-embed-1b-v2,01_data/raw/simulations/low/low_treatment_20260507_140016_026/metadata.json,1,1,1,0,0.885161,0.91334,0.916185
low_treatment_20260507_140016_027,low,treatment,True,transparency_experiment,completed,20260507_153907,2026-05-07T15:42:22+0200,5,15,0,0,45,15,112585,47384,159969,194.8131,,max_round_no_majority,Candidate C,0,0.74635,0.701982,0.820029,embedding_cosine,nvidia/llama-nemotron-embed-1b-v2,01_data/raw/simulations/low/low_treatment_20260507_140016_027/metadata.json,1,1,0,1,0.701982,0.71704,0.820029
low_treatment_20260507_140016_028,low,treatment,True,transparency_experiment,completed,20260507_154225,2026-05-07T15:46:00+0200,5,15,0,0,45,15,115959,50193,166152,215.2293,,max_round_no_majority,Candidate C,0,0.818597,0.762725,0.90813,embedding_cosine,nvidia/llama-nemotron-embed-1b-v2,01_data/raw/simulations/low/low_treatment_20260507_140016_028/metadata.json,1,1,0,1,0.784936,0.90813,0.762725
low_treatment_20260507_140016_029,low,treatment,True,transparency_experiment,completed,20260507_154603,2026-05-07T15:49:18+0200,5,15,0,0,45,15,119287,52918,172205,195.0574,,max_round_no_majority,Candidate C,0,0.847124,0.776642,0.900402,embedding_cosine,nvidia/llama-nemotron-embed-1b-v2,01_data/raw/simulations/low/low_treatment_20260507_140016_029/metadata.json,1,1,1,0,0.900402,0.864328,0.776642
low_treatment_20260507_140016_030,low,treatment,True,transparency_experiment,completed,20260507_154921,2026-05-07T15:52:57+0200,5,15,0,0,45,15,113065,46956,160021,215.8054,,max_round_no_majority,Candidate C,0,0.823383,0.782926,0.87791,embedding_cosine,nvidia/llama-nemotron-embed-1b-v2,01_data/raw/simulations/low/low_treatment_20260507_140016_030/metadata.json,1,1,0,1,0.782926,0.87791,0.809314
moderate_baseline_20260507_140016_001,moderate,baseline,False,transparency_experiment,completed,20260507_215024,2026-05-07T21:51:48+0200,3,9,4,8,0,17,37986,9121,47107,84.5425,Candidate C,consensus,Candidate C,1,,,,not_applicable,,01_data/raw/simulations/moderate/moderate_baseline_20260507_140016_001/metadata.json,0,0,3,0,,,
moderate_baseline_20260507_140016_002,moderate,baseline,False,transparency_experiment,completed,20260507_215151,2026-05-07T21:53:33+0200,5,15,0,0,0,15,33131,11751,44882,102.1648,Candidate B,consensus,Candidate C,0,,,,not_applicable,,01_data/raw/simulations/moderate/moderate_baseline_20260507_140016_002/metadata.json,0,3,0,0,,,
moderate_baseline_20260507_140016_003,moderate,baseline,False,transparency_experiment,completed,20260507_215336,2026-05-07T21:55:36+0200,5,15,0,0,0,15,33383,13244,46627,119.9558,,max_round_no_majority,Candidate C,0,,,,not_applicable,,01_data/raw/simulations/moderate/moderate_baseline_20260507_140016_003/metadata.json,0,1,1,1,,,
moderate_baseline_20260507_140016_004,moderate,baseline,False,transparency_experiment,completed,20260507_215539,2026-05-07T21:57:05+0200,5,15,0,0,0,15,33196,10440,43636,85.7725,,max_round_no_majority,Candidate C,0,,,,not_applicable,,01_data/raw/simulations/moderate/moderate_baseline_20260507_140016_004/metadata.json,1,1,0,1,,,
moderate_baseline_20260507_140016_005,moderate,baseline,False,transparency_experiment,completed,20260507_215708,2026-05-07T21:58:55+0200,5,14,0,0,0,14,32191,12741,44932,107.0797,,max_round_no_majority,Candidate C,0,,,,not_applicable,,01_data/raw/simulations/moderate/moderate_baseline_20260507_140016_005/metadata.json,1,1,1,0,,,
moderate_baseline_20260507_140016_006,moderate,baseline,False,transparency_experiment,completed,20260507_215858,2026-05-07T22:00:27+0200,4,12,2,4,0,16,34696,10371,45067,88.9383,Candidate C,consensus,Candidate C,1,,,,not_applicable,,01_data/raw/simulations/moderate/moderate_baseline_20260507_140016_006/metadata.json,0,0,3,0,,,
moderate_baseline_20260507_140016_007,moderate,baseline,False,transparency_experiment,completed,20260507_220029,2026-05-07T22:02:31+0200,5,15,0,0,0,15,32750,13839,46589,121.9214,Candidate A,max_round_majority_vote,Candidate C,0,,,,not_applicable,,01_data/raw/simulations/moderate/moderate_baseline_20260507_140016_007/metadata.json,2,1,0,0,,,
moderate_baseline_20260507_140016_008,moderate,baseline,False,transparency_experiment,completed,20260507_220234,2026-05-07T22:04:13+0200,5,15,0,0,0,15,33599,12251,45850,99.042,,max_round_no_majority,Candidate C,0,,,,not_applicable,,01_data/raw/simulations/moderate/moderate_baseline_20260507_140016_008/metadata.json,1,1,0,1,,,
moderate_baseline_20260507_140016_009,moderate,baseline,False,transparency_experiment,completed,20260507_220416,2026-05-07T22:06:05+0200,5,15,1,2,0,17,38632,13112,51744,108.4882,Candidate C,max_round_majority_vote,Candidate C,1,,,,not_applicable,,01_data/raw/simulations/moderate/moderate_baseline_20260507_140016_009/metadata.json,0,1,2,0,,,
moderate_baseline_20260507_140016_010,moderate,baseline,False,transparency_experiment,completed,20260507_220608,2026-05-07T22:07:44+0200,5,15,0,0,0,15,32995,12140,45135,95.7686,Candidate B,max_round_majority_vote,Candidate C,0,,,,not_applicable,,01_data/raw/simulations/moderate/moderate_baseline_20260507_140016_010/metadata.json,1,2,0,0,,,
moderate_baseline_20260507_140016_011,moderate,baseline,False,transparency_experiment,completed,20260507_220747,2026-05-07T22:09:03+0200,4,12,0,0,0,12,24429,9852,34281,75.8346,Candidate B,consensus,Candidate C,0,,,,not_applicable,,01_data/raw/simulations/moderate/moderate_baseline_20260507_140016_011/metadata.json,0,3,0,0,,,
moderate_baseline_20260507_140016_012,moderate,baseline,False,transparency_experiment,completed,20260507_220906,2026-05-07T22:10:31+0200,4,12,0,0,0,12,24751,9723,34474,85.1322,Candidate B,consensus,Candidate C,0,,,,not_applicable,,01_data/raw/simulations/moderate/moderate_baseline_20260507_140016_012/metadata.json,0,3,0,0,,,
moderate_baseline_20260507_140016_013,moderate,baseline,False,transparency_experiment,completed,20260507_221034,2026-05-07T22:11:24+0200,3,9,0,0,0,9,17062,6506,23568,50.4688,Candidate B,consensus,Candidate C,0,,,,not_applicable,,01_data/raw/simulations/moderate/moderate_baseline_20260507_140016_013/metadata.json,0,3,0,0,,,
moderate_baseline_20260507_140016_014,moderate,baseline,False,transparency_experiment,completed,20260507_221127,2026-05-07T22:12:56+0200,5,15,0,0,0,15,33571,11202,44773,89.4684,Candidate B,max_round_majority_vote,Candidate C,0,,,,not_applicable,,01_data/raw/simulations/moderate/moderate_baseline_20260507_140016_014/metadata.json,0,2,0,1,,,
moderate_baseline_20260507_140016_015,moderate,baseline,False,transparency_experiment,completed,20260507_221300,2026-05-07T22:14:44+0200,5,15,0,0,0,15,33595,12719,46314,103.7298,Candidate C,max_round_majority_vote,Candidate C,1,,,,not_applicable,,01_data/raw/simulations/moderate/moderate_baseline_20260507_140016_015/metadata.json,0,1,2,0,,,
moderate_baseline_20260507_140016_016,moderate,baseline,False,transparency_experiment,completed,20260507_221447,2026-05-07T22:16:08+0200,5,15,0,0,0,15,33534,9704,43238,81.4562,Candidate B,max_round_majority_vote,Candidate C,0,,,,not_applicable,,01_data/raw/simulations/moderate/moderate_baseline_20260507_140016_016/metadata.json,0,2,1,0,,,
moderate_baseline_20260507_140016_017,moderate,baseline,False,transparency_experiment,completed,20260507_221611,2026-05-07T22:17:58+0200,5,15,0,0,0,15,33809,12734,46543,106.7775,Candidate B,consensus,Candidate C,0,,,,not_applicable,,01_data/raw/simulations/moderate/moderate_baseline_20260507_140016_017/metadata.json,0,3,0,0,,,
moderate_baseline_20260507_140016_018,moderate,baseline,False,transparency_experiment,completed,20260507_221801,2026-05-07T22:19:49+0200,5,15,0,0,0,15,33850,13288,47138,108.0512,Candidate A,max_round_majority_vote,Candidate C,0,,,,not_applicable,,01_data/raw/simulations/moderate/moderate_baseline_20260507_140016_018/metadata.json,2,1,0,0,,,
moderate_baseline_20260507_140016_019,moderate,baseline,False,transparency_experiment,completed,20260507_221952,2026-05-07T22:21:35+0200,5,15,0,0,0,15,33458,13277,46735,103.519,,max_round_no_majority,Candidate C,0,,,,not_applicable,,01_data/raw/simulations/moderate/moderate_baseline_20260507_140016_019/metadata.json,1,1,1,0,,,
moderate_baseline_20260507_140016_020,moderate,baseline,False,transparency_experiment,completed,20260507_222139,2026-05-07T22:23:24+0200,5,14,2,4,0,18,43792,12961,56753,105.5295,Candidate A,max_round_majority_vote,Candidate C,0,,,,not_applicable,,01_data/raw/simulations/moderate/moderate_baseline_20260507_140016_020/metadata.json,2,1,0,0,,,
moderate_baseline_20260507_140016_021,moderate,baseline,False,transparency_experiment,completed,20260507_222327,2026-05-07T22:24:50+0200,4,12,0,0,0,12,25257,9563,34820,82.3595,Candidate C,consensus,Candidate C,1,,,,not_applicable,,01_data/raw/simulations/moderate/moderate_baseline_20260507_140016_021/metadata.json,0,0,3,0,,,
moderate_baseline_20260507_140016_022,moderate,baseline,False,transparency_experiment,completed,20260507_222453,2026-05-07T22:25:53+0200,3,9,0,0,0,9,17261,6388,23649,60.2915,Candidate D,consensus,Candidate C,0,,,,not_applicable,,01_data/raw/simulations/moderate/moderate_baseline_20260507_140016_022/metadata.json,0,0,0,3,,,
moderate_baseline_20260507_140016_023,moderate,baseline,False,transparency_experiment,completed,20260507_222556,2026-05-07T22:27:40+0200,5,15,0,0,0,15,33983,13059,47042,104.3713,Candidate A,max_round_majority_vote,Candidate C,0,,,,not_applicable,,01_data/raw/simulations/moderate/moderate_baseline_20260507_140016_023/metadata.json,2,1,0,0,,,
moderate_baseline_20260507_140016_024,moderate,baseline,False,transparency_experiment,completed,20260507_222744,2026-05-07T22:29:27+0200,5,15,0,0,0,15,33378,12929,46307,103.7297,Candidate D,max_round_majority_vote,Candidate C,0,,,,not_applicable,,01_data/raw/simulations/moderate/moderate_baseline_20260507_140016_024/metadata.json,0,1,0,2,,,
moderate_baseline_20260507_140016_025,moderate,baseline,False,transparency_experiment,completed,20260507_222930,2026-05-07T22:31:22+0200,5,15,0,0,0,15,32796,14952,47748,112.0853,Candidate C,max_round_majority_vote,Candidate C,1,,,,not_applicable,,01_data/raw/simulations/moderate/moderate_baseline_20260507_140016_025/metadata.json,0,0,2,1,,,
moderate_baseline_20260507_140016_026,moderate,baseline,False,transparency_experiment,completed,20260507_223125,2026-05-07T22:33:03+0200,5,15,1,2,0,17,40842,13190,54032,98.1797,,max_round_no_majority,Candidate C,0,,,,not_applicable,,01_data/raw/simulations/moderate/moderate_baseline_20260507_140016_026/metadata.json,1,1,0,1,,,
moderate_baseline_20260507_140016_027,moderate,baseline,False,transparency_experiment,completed,20260507_223306,2026-05-07T22:34:36+0200,5,15,0,0,0,15,33770,11675,45445,89.884,,max_round_no_majority,Candidate C,0,,,,not_applicable,,01_data/raw/simulations/moderate/moderate_baseline_20260507_140016_027/metadata.json,1,1,0,1,,,
moderate_baseline_20260507_140016_028,moderate,baseline,False,transparency_experiment,completed,20260507_223439,2026-05-07T22:36:19+0200,5,15,0,0,0,15,33607,13076,46683,99.838,,max_round_no_majority,Candidate C,0,,,,not_applicable,,01_data/raw/simulations/moderate/moderate_baseline_20260507_140016_028/metadata.json,1,0,1,1,,,
moderate_baseline_20260507_140016_029,moderate,baseline,False,transparency_experiment,completed,20260507_223622,2026-05-07T22:37:50+0200,5,15,0,0,0,15,34029,12083,46112,87.7222,Candidate B,max_round_majority_vote,Candidate C,0,,,,not_applicable,,01_data/raw/simulations/moderate/moderate_baseline_20260507_140016_029/metadata.json,0,2,1,0,,,
moderate_baseline_20260507_140016_030,moderate,baseline,False,transparency_experiment,completed,20260507_223753,2026-05-07T22:39:06+0200,5,15,0,0,0,15,33250,10603,43853,73.6132,Candidate A,max_round_majority_vote,Candidate C,0,,,,not_applicable,,01_data/raw/simulations/moderate/moderate_baseline_20260507_140016_030/metadata.json,2,1,0,0,,,
moderate_treatment_20260507_140016_001,moderate,treatment,True,transparency_experiment,completed,20260507_155300,2026-05-07T15:57:19+0200,5,15,0,0,45,15,153970,57232,211202,258.4604,Candidate B,max_round_majority_vote,Candidate C,0,0.782559,0.723532,0.893494,embedding_cosine,nvidia/llama-nemotron-embed-1b-v2,01_data/raw/simulations/moderate/moderate_treatment_20260507_140016_001/metadata.json,1,2,0,0,0.723532,0.893494,0.730651
moderate_treatment_20260507_140016_002,moderate,treatment,True,transparency_experiment,completed,20260507_155722,2026-05-07T15:59:02+0200,2,6,0,0,18,6,50144,23162,73306,100.6604,Candidate C,consensus,Candidate C,1,0.894608,0.863152,0.933308,embedding_cosine,nvidia/llama-nemotron-embed-1b-v2,01_data/raw/simulations/moderate/moderate_treatment_20260507_140016_002/metadata.json,0,0,3,0,0.887364,0.933308,0.863152
moderate_treatment_20260507_140016_003,moderate,treatment,True,transparency_experiment,completed,20260507_155905,2026-05-07T16:01:42+0200,3,9,0,0,27,9,77822,34636,112458,156.5913,Candidate C,consensus,Candidate C,1,0.789048,0.72403,0.895244,embedding_cosine,nvidia/llama-nemotron-embed-1b-v2,01_data/raw/simulations/moderate/moderate_treatment_20260507_140016_003/metadata.json,0,0,3,0,0.895244,0.74787,0.72403
moderate_treatment_20260507_140016_004,moderate,treatment,True,transparency_experiment,completed,20260507_160145,2026-05-07T16:05:24+0200,5,14,0,0,45,14,143604,52862,196466,219.0938,Candidate A,max_round_majority_vote,Candidate C,0,0.825238,0.753355,0.914783,embedding_cosine,nvidia/llama-nemotron-embed-1b-v2,01_data/raw/simulations/moderate/moderate_treatment_20260507_140016_004/metadata.json,2,1,0,0,0.807577,0.914783,0.753355
moderate_treatment_20260507_140016_005,moderate,treatment,True,transparency_experiment,completed,20260507_160527,2026-05-07T16:10:01+0200,5,15,1,2,45,17,193678,59891,253569,273.4281,Candidate A,max_round_majority_vote,Candidate C,0,0.908866,0.900372,0.91655,embedding_cosine,nvidia/llama-nemotron-embed-1b-v2,01_data/raw/simulations/moderate/moderate_treatment_20260507_140016_005/metadata.json,2,1,0,0,0.91655,0.909675,0.900372
moderate_treatment_20260507_140016_006,moderate,treatment,True,transparency_experiment,completed,20260507_161004,2026-05-07T16:13:54+0200,5,15,1,2,45,17,166182,56255,222437,229.7448,Candidate A,max_round_majority_vote,Candidate C,0,0.820685,0.773735,0.889936,embedding_cosine,nvidia/llama-nemotron-embed-1b-v2,01_data/raw/simulations/moderate/moderate_treatment_20260507_140016_006/metadata.json,2,1,0,0,0.889936,0.798385,0.773735
moderate_treatment_20260507_140016_007,moderate,treatment,True,transparency_experiment,completed,20260507_161357,2026-05-07T16:17:39+0200,5,15,1,2,45,17,162016,57155,219171,222.3145,Candidate A,max_round_majority_vote,Candidate C,0,0.896907,0.887824,0.903848,embedding_cosine,nvidia/llama-nemotron-embed-1b-v2,01_data/raw/simulations/moderate/moderate_treatment_20260507_140016_007/metadata.json,2,1,0,0,0.903848,0.899049,0.887824
moderate_treatment_20260507_140016_008,moderate,treatment,True,transparency_experiment,completed,20260507_161742,2026-05-07T16:21:55+0200,5,15,0,0,45,15,150417,54586,205003,252.719,Candidate A,max_round_majority_vote,Candidate C,0,0.837274,0.774257,0.904427,embedding_cosine,nvidia/llama-nemotron-embed-1b-v2,01_data/raw/simulations/moderate/moderate_treatment_20260507_140016_008/metadata.json,2,1,0,0,0.774257,0.833139,0.904427
moderate_treatment_20260507_140016_009,moderate,treatment,True,transparency_experiment,completed,20260507_162158,2026-05-07T16:26:40+0200,5,15,0,0,45,15,159300,58120,217420,281.9516,Candidate B,max_round_majority_vote,Candidate C,0,0.790301,0.75175,0.835865,embedding_cosine,nvidia/llama-nemotron-embed-1b-v2,01_data/raw/simulations/moderate/moderate_treatment_20260507_140016_009/metadata.json,1,2,0,0,0.75175,0.835865,0.783289
moderate_treatment_20260507_140016_010,moderate,treatment,True,transparency_experiment,completed,20260507_162643,2026-05-07T16:31:06+0200,5,15,2,4,45,19,173063,56133,229196,262.9145,Candidate D,max_round_majority_vote,Candidate C,0,0.892202,0.874526,0.916679,embedding_cosine,nvidia/llama-nemotron-embed-1b-v2,01_data/raw/simulations/moderate/moderate_treatment_20260507_140016_010/metadata.json,0,1,0,2,0.885402,0.916679,0.874526
moderate_treatment_20260507_140016_011,moderate,treatment,True,transparency_experiment,completed,20260507_163109,2026-05-07T16:33:48+0200,3,9,0,0,27,9,83038,38062,121100,159.2728,Candidate C,consensus,Candidate C,1,0.797986,0.712905,0.859463,embedding_cosine,nvidia/llama-nemotron-embed-1b-v2,01_data/raw/simulations/moderate/moderate_treatment_20260507_140016_011/metadata.json,0,0,3,0,0.712905,0.82159,0.859463
moderate_treatment_20260507_140016_012,moderate,treatment,True,transparency_experiment,completed,20260507_163351,2026-05-07T16:37:41+0200,5,15,0,0,45,15,156050,55292,211342,229.861,,max_round_no_majority,Candidate C,0,0.807161,0.763391,0.889332,embedding_cosine,nvidia/llama-nemotron-embed-1b-v2,01_data/raw/simulations/moderate/moderate_treatment_20260507_140016_012/metadata.json,1,1,1,0,0.889332,0.768759,0.763391
moderate_treatment_20260507_140016_013,moderate,treatment,True,transparency_experiment,completed,20260507_163744,2026-05-07T16:41:15+0200,5,15,0,0,45,15,150665,55640,206305,210.7499,Candidate A,max_round_majority_vote,Candidate C,0,0.791067,0.72397,0.87277,embedding_cosine,nvidia/llama-nemotron-embed-1b-v2,01_data/raw/simulations/moderate/moderate_treatment_20260507_140016_013/metadata.json,2,1,0,0,0.87277,0.77646,0.72397
moderate_treatment_20260507_140016_014,moderate,treatment,True,transparency_experiment,completed,20260507_164118,2026-05-07T16:51:27+0200,2,6,0,0,18,6,50083,23844,73927,608.8221,Candidate C,consensus,Candidate C,1,0.857693,0.826144,0.903477,embedding_cosine,nvidia/llama-nemotron-embed-1b-v2,01_data/raw/simulations/moderate/moderate_treatment_20260507_140016_014/metadata.json,0,0,3,0,0.826144,0.903477,0.843459
moderate_treatment_20260507_140016_014,moderate,treatment,True,transparency_experiment,completed,20260507_164118,2026-05-07T16:51:27+0200,2,6,0,0,18,6,50083,23844,73927,608.8221,Candidate C,consensus,Candidate C,1,0.857693,0.826144,0.903477,embedding_cosine,nvidia/llama-nemotron-embed-1b-v2,01_data/raw/simulations/moderate/moderate_treatment_20260507_140016_015/metadata.json,0,0,3,0,0.826144,0.903477,0.843459
moderate_treatment_20260507_140016_016,moderate,treatment,True,transparency_experiment,completed,20260507_181336,2026-05-07T18:15:58+0200,2,6,0,0,18,6,49358,25294,74652,141.1788,Candidate C,consensus,Candidate C,1,0.834633,0.771271,0.90349,embedding_cosine,nvidia/llama-nemotron-embed-1b-v2,01_data/raw/simulations/moderate/moderate_treatment_20260507_140016_016/metadata.json,0,0,3,0,0.771271,0.829139,0.90349
moderate_treatment_20260507_140016_017,moderate,treatment,True,transparency_experiment,completed,20260507_181600,2026-05-07T18:19:18+0200,3,9,0,0,27,9,82852,36567,119419,197.3469,Candidate C,consensus,Candidate C,1,0.834899,0.772558,0.933185,embedding_cosine,nvidia/llama-nemotron-embed-1b-v2,01_data/raw/simulations/moderate/moderate_treatment_20260507_140016_017/metadata.json,0,0,3,0,0.772558,0.933185,0.798955
moderate_treatment_20260507_140016_018,moderate,treatment,True,transparency_experiment,completed,20260507_182233,2026-05-07T18:27:17+0200,5,15,0,0,45,15,162561,67864,230425,283.7492,Candidate A,consensus,Candidate C,0,0.775022,0.709469,0.854021,embedding_cosine,nvidia/llama-nemotron-embed-1b-v2,01_data/raw/simulations/moderate/moderate_treatment_20260507_140016_018/metadata.json,3,0,0,0,0.761577,0.854021,0.709469
moderate_treatment_20260507_140016_019,moderate,treatment,True,transparency_experiment,completed,20260507_182322,2026-05-07T18:27:55+0200,5,15,0,0,45,15,160538,61992,222530,273.3702,Candidate B,max_round_majority_vote,Candidate C,0,0.851397,0.826905,0.890176,embedding_cosine,nvidia/llama-nemotron-embed-1b-v2,01_data/raw/simulations/moderate/moderate_treatment_20260507_140016_019/metadata.json,1,2,0,0,0.826905,0.890176,0.83711
moderate_treatment_20260507_140016_020,moderate,treatment,True,transparency_experiment,completed,20260507_182758,2026-05-07T18:30:46+0200,2,6,0,0,18,6,50272,24338,74610,168.2092,Candidate B,consensus,Candidate C,0,0.888953,0.884443,0.896743,embedding_cosine,nvidia/llama-nemotron-embed-1b-v2,01_data/raw/simulations/moderate/moderate_treatment_20260507_140016_020/metadata.json,0,3,0,0,0.885674,0.896743,0.884443
moderate_treatment_20260507_140016_021,moderate,treatment,True,transparency_experiment,completed,20260507_183050,2026-05-07T18:33:11+0200,2,6,0,0,18,6,50029,22493,72522,141.665,Candidate C,consensus,Candidate C,1,0.825231,0.773344,0.902529,embedding_cosine,nvidia/llama-nemotron-embed-1b-v2,01_data/raw/simulations/moderate/moderate_treatment_20260507_140016_021/metadata.json,0,0,3,0,0.902529,0.799819,0.773344
moderate_treatment_20260507_140016_022,moderate,treatment,True,transparency_experiment,completed,20260507_183315,2026-05-07T18:37:11+0200,5,15,0,0,45,15,143918,49367,193285,236.69,Candidate B,max_round_majority_vote,Candidate C,0,0.800717,0.746378,0.871905,embedding_cosine,nvidia/llama-nemotron-embed-1b-v2,01_data/raw/simulations/moderate/moderate_treatment_20260507_140016_022/metadata.json,1,2,0,0,0.783867,0.746378,0.871905
moderate_treatment_20260507_140016_023,moderate,treatment,True,transparency_experiment,completed,20260507_183714,2026-05-07T18:40:55+0200,4,12,0,0,36,12,114820,45581,160401,220.7283,Candidate C,consensus,Candidate C,1,0.810031,0.729691,0.915537,embedding_cosine,nvidia/llama-nemotron-embed-1b-v2,01_data/raw/simulations/moderate/moderate_treatment_20260507_140016_023/metadata.json,0,0,3,0,0.784864,0.915537,0.729691
moderate_treatment_20260507_140016_024,moderate,treatment,True,transparency_experiment,completed,20260507_184058,2026-05-07T18:44:39+0200,4,12,0,0,36,12,118717,45941,164658,220.5644,Candidate B,consensus,Candidate C,0,0.835203,0.802809,0.893691,embedding_cosine,nvidia/llama-nemotron-embed-1b-v2,01_data/raw/simulations/moderate/moderate_treatment_20260507_140016_024/metadata.json,0,3,0,0,0.802809,0.893691,0.809109
moderate_treatment_20260507_140016_025,moderate,treatment,True,transparency_experiment,completed,20260507_184442,2026-05-07T18:49:17+0200,5,15,0,0,45,15,153875,56920,210795,275.9201,Candidate B,max_round_majority_vote,Candidate C,0,0.854371,0.815047,0.916305,embedding_cosine,nvidia/llama-nemotron-embed-1b-v2,01_data/raw/simulations/moderate/moderate_treatment_20260507_140016_025/metadata.json,0,2,1,0,0.916305,0.831762,0.815047
moderate_treatment_20260507_140016_026,moderate,treatment,True,transparency_experiment,completed,20260507_184920,2026-05-07T18:51:46+0200,2,6,0,0,18,6,48412,21411,69823,145.5064,Candidate C,consensus,Candidate C,1,0.829109,0.767931,0.924367,embedding_cosine,nvidia/llama-nemotron-embed-1b-v2,01_data/raw/simulations/moderate/moderate_treatment_20260507_140016_026/metadata.json,0,0,3,0,0.924367,0.795028,0.767931
moderate_treatment_20260507_140016_027,moderate,treatment,True,transparency_experiment,completed,20260507_185149,2026-05-07T18:58:10+0200,5,15,1,2,45,17,174282,62167,236449,380.5969,Candidate B,max_round_majority_vote,Candidate C,0,0.817958,0.770273,0.895915,embedding_cosine,nvidia/llama-nemotron-embed-1b-v2,01_data/raw/simulations/moderate/moderate_treatment_20260507_140016_027/metadata.json,1,2,0,0,0.787687,0.770273,0.895915
moderate_treatment_20260507_140016_028,moderate,treatment,True,transparency_experiment,completed,20260507_185813,2026-05-07T19:02:52+0200,5,15,0,0,45,15,156199,51984,208183,279.1298,Candidate B,max_round_majority_vote,Candidate C,0,0.901301,0.882748,0.915008,embedding_cosine,nvidia/llama-nemotron-embed-1b-v2,01_data/raw/simulations/moderate/moderate_treatment_20260507_140016_028/metadata.json,0,2,0,1,0.915008,0.906146,0.882748
moderate_treatment_20260507_140016_029,moderate,treatment,True,transparency_experiment,completed,20260507_190255,2026-05-07T19:07:00+0200,5,15,0,0,45,15,153199,54221,207420,245.8888,,max_round_no_majority,Candidate C,0,0.779545,0.696636,0.867778,embedding_cosine,nvidia/llama-nemotron-embed-1b-v2,01_data/raw/simulations/moderate/moderate_treatment_20260507_140016_029/metadata.json,1,1,0,1,0.696636,0.774221,0.867778
moderate_treatment_20260507_140016_030,moderate,treatment,True,transparency_experiment,completed,20260507_190703,2026-05-07T19:10:13+0200,3,9,0,0,27,9,83163,37100,120263,190.073,Candidate C,consensus,Candidate C,1,0.777272,0.697594,0.820112,embedding_cosine,nvidia/llama-nemotron-embed-1b-v2,01_data/raw/simulations/moderate/moderate_treatment_20260507_140016_030/metadata.json,0,0,3,0,0.697594,0.820112,0.814109
high_baseline_20260507_140016_001,high,baseline,False,transparency_experiment,completed,20260507_223909,2026-05-07T22:41:22+0200,5,15,0,0,0,15,71400,18352,89752,133.1845,Candidate C,max_round_majority_vote,Candidate C,1,,,,not_applicable,,01_data/raw/simulations/high/high_baseline_20260507_140016_001/metadata.json,0,1,2,0,,,
high_baseline_20260507_140016_002,high,baseline,False,transparency_experiment,completed,20260507_224126,2026-05-07T22:43:31+0200,5,15,2,4,0,19,85392,16303,101695,124.7261,Candidate A,max_round_majority_vote,Candidate C,0,,,,not_applicable,,01_data/raw/simulations/high/high_baseline_20260507_140016_002/metadata.json,2,1,0,0,,,
high_baseline_20260507_140016_003,high,baseline,False,transparency_experiment,completed,20260507_224334,2026-05-07T22:45:54+0200,5,15,1,2,0,17,88794,18815,107609,139.9262,Candidate D,consensus,Candidate C,0,,,,not_applicable,,01_data/raw/simulations/high/high_baseline_20260507_140016_003/metadata.json,0,0,0,3,,,
high_baseline_20260507_140016_004,high,baseline,False,transparency_experiment,completed,20260507_224557,2026-05-07T22:47:06+0200,2,6,1,2,0,8,23186,9206,32392,68.5194,Candidate B,consensus,Candidate C,0,,,,not_applicable,,01_data/raw/simulations/high/high_baseline_20260507_140016_004/metadata.json,0,3,0,0,,,
high_baseline_20260507_140016_005,high,baseline,False,transparency_experiment,completed,20260507_224709,2026-05-07T22:48:01+0200,2,6,1,2,0,8,21980,6881,28861,52.8432,Candidate B,consensus,Candidate C,0,,,,not_applicable,,01_data/raw/simulations/high/high_baseline_20260507_140016_005/metadata.json,0,3,0,0,,,
high_baseline_20260507_140016_006,high,baseline,False,transparency_experiment,completed,20260507_224804,2026-05-07T22:49:36+0200,3,9,0,0,0,9,30152,12109,42261,91.5747,Candidate B,consensus,Candidate C,0,,,,not_applicable,,01_data/raw/simulations/high/high_baseline_20260507_140016_006/metadata.json,0,3,0,0,,,
high_baseline_20260507_140016_007,high,baseline,False,transparency_experiment,completed,20260507_224939,2026-05-07T22:50:27+0200,2,6,0,0,0,6,15978,6088,22066,47.4995,Candidate B,consensus,Candidate C,0,,,,not_applicable,,01_data/raw/simulations/high/high_baseline_20260507_140016_007/metadata.json,0,3,0,0,,,
high_baseline_20260507_140016_008,high,baseline,False,transparency_experiment,completed,20260507_225029,2026-05-07T22:51:21+0200,2,6,2,4,0,10,27862,6811,34673,51.4431,Candidate B,consensus,Candidate C,0,,,,not_applicable,,01_data/raw/simulations/high/high_baseline_20260507_140016_008/metadata.json,0,3,0,0,,,
high_baseline_20260507_140016_009,high,baseline,False,transparency_experiment,completed,20260507_225124,2026-05-07T22:52:57+0200,3,9,0,0,0,9,30918,12485,43403,92.781,Candidate A,consensus,Candidate C,0,,,,not_applicable,,01_data/raw/simulations/high/high_baseline_20260507_140016_009/metadata.json,3,0,0,0,,,
high_baseline_20260507_140016_010,high,baseline,False,transparency_experiment,completed,20260507_225300,2026-05-07T22:54:55+0200,5,15,0,0,0,15,69563,15614,85177,115.5456,Candidate C,consensus,Candidate C,1,,,,not_applicable,,01_data/raw/simulations/high/high_baseline_20260507_140016_010/metadata.json,0,0,3,0,,,
high_baseline_20260507_140016_011,high,baseline,False,transparency_experiment,completed,20260507_225458,2026-05-07T22:55:42+0200,2,6,0,0,0,6,16381,5821,22202,44.0695,Candidate A,consensus,Candidate C,0,,,,not_applicable,,01_data/raw/simulations/high/high_baseline_20260507_140016_011/metadata.json,3,0,0,0,,,
high_baseline_20260507_140016_012,high,baseline,False,transparency_experiment,completed,20260507_225545,2026-05-07T22:56:41+0200,2,6,3,6,0,12,34162,7200,41362,55.2883,Candidate A,consensus,Candidate C,0,,,,not_applicable,,01_data/raw/simulations/high/high_baseline_20260507_140016_012/metadata.json,3,0,0,0,,,
high_baseline_20260507_140016_013,high,baseline,False,transparency_experiment,completed,20260507_225643,2026-05-07T22:57:32+0200,2,6,0,0,0,6,16156,6257,22413,48.839,Candidate A,consensus,Candidate C,0,,,,not_applicable,,01_data/raw/simulations/high/high_baseline_20260507_140016_013/metadata.json,3,0,0,0,,,
high_baseline_20260507_140016_014,high,baseline,False,transparency_experiment,completed,20260507_225735,2026-05-07T22:59:06+0200,3,9,0,0,0,9,28635,12669,41304,91.3277,Candidate A,consensus,Candidate C,0,,,,not_applicable,,01_data/raw/simulations/high/high_baseline_20260507_140016_014/metadata.json,3,0,0,0,,,
high_baseline_20260507_140016_015,high,baseline,False,transparency_experiment,completed,20260507_225909,2026-05-07T23:00:04+0200,2,6,1,2,0,8,22617,7539,30156,54.7494,Candidate B,consensus,Candidate C,0,,,,not_applicable,,01_data/raw/simulations/high/high_baseline_20260507_140016_015/metadata.json,0,3,0,0,,,
high_baseline_20260507_140016_016,high,baseline,False,transparency_experiment,completed,20260507_230007,2026-05-07T23:02:10+0200,5,15,2,4,0,19,98113,17760,115873,123.0959,Candidate D,consensus,Candidate C,0,,,,not_applicable,,01_data/raw/simulations/high/high_baseline_20260507_140016_016/metadata.json,0,0,0,3,,,
high_baseline_20260507_140016_017,high,baseline,False,transparency_experiment,completed,20260507_230213,2026-05-07T23:04:23+0200,5,15,4,8,0,23,107384,18443,125827,129.9671,Candidate A,max_round_majority_vote,Candidate C,0,,,,not_applicable,,01_data/raw/simulations/high/high_baseline_20260507_140016_017/metadata.json,2,1,0,0,,,
high_baseline_20260507_140016_018,high,baseline,False,transparency_experiment,completed,20260507_230426,2026-05-07T23:05:22+0200,2,6,1,2,0,8,22125,7350,29475,55.5741,Candidate B,consensus,Candidate C,0,,,,not_applicable,,01_data/raw/simulations/high/high_baseline_20260507_140016_018/metadata.json,0,3,0,0,,,
high_baseline_20260507_140016_019,high,baseline,False,transparency_experiment,completed,20260507_230525,2026-05-07T23:06:01+0200,2,6,0,0,0,6,16692,5629,22321,36.0603,Candidate A,consensus,Candidate C,0,,,,not_applicable,,01_data/raw/simulations/high/high_baseline_20260507_140016_019/metadata.json,3,0,0,0,,,
high_baseline_20260507_140016_020,high,baseline,False,transparency_experiment,completed,20260507_230604,2026-05-07T23:08:17+0200,5,15,0,0,0,15,70353,18593,88946,133.3591,Candidate C,max_round_majority_vote,Candidate C,1,,,,not_applicable,,01_data/raw/simulations/high/high_baseline_20260507_140016_020/metadata.json,0,1,2,0,,,
high_baseline_20260507_140016_021,high,baseline,False,transparency_experiment,completed,20260507_230820,2026-05-07T23:08:57+0200,2,6,0,0,0,6,16645,5481,22126,37.3698,Candidate B,consensus,Candidate C,0,,,,not_applicable,,01_data/raw/simulations/high/high_baseline_20260507_140016_021/metadata.json,0,3,0,0,,,
high_baseline_20260507_140016_022,high,baseline,False,transparency_experiment,completed,20260507_230900,2026-05-07T23:10:18+0200,3,9,0,0,0,9,31516,10884,42400,77.3071,Candidate B,consensus,Candidate C,0,,,,not_applicable,,01_data/raw/simulations/high/high_baseline_20260507_140016_022/metadata.json,0,3,0,0,,,
high_baseline_20260507_140016_023,high,baseline,False,transparency_experiment,completed,20260507_231021,2026-05-07T23:12:31+0200,5,15,2,4,0,19,87888,18052,105940,130.0604,Candidate A,consensus,Candidate C,0,,,,not_applicable,,01_data/raw/simulations/high/high_baseline_20260507_140016_023/metadata.json,3,0,0,0,,,
high_baseline_20260507_140016_024,high,baseline,False,transparency_experiment,completed,20260507_231234,2026-05-07T23:13:18+0200,2,6,0,0,0,6,16993,5581,22574,44.3363,Candidate B,consensus,Candidate C,0,,,,not_applicable,,01_data/raw/simulations/high/high_baseline_20260507_140016_024/metadata.json,0,3,0,0,,,
high_baseline_20260507_140016_025,high,baseline,False,transparency_experiment,completed,20260507_231321,2026-05-07T23:15:18+0200,4,12,0,0,0,12,47296,15150,62446,116.4887,Candidate B,consensus,Candidate C,0,,,,not_applicable,,01_data/raw/simulations/high/high_baseline_20260507_140016_025/metadata.json,0,3,0,0,,,
high_baseline_20260507_140016_026,high,baseline,False,transparency_experiment,completed,20260507_231521,2026-05-07T23:16:05+0200,2,6,0,0,0,6,16513,5946,22459,44.292,Candidate B,consensus,Candidate C,0,,,,not_applicable,,01_data/raw/simulations/high/high_baseline_20260507_140016_026/metadata.json,0,3,0,0,,,
high_baseline_20260507_140016_027,high,baseline,False,transparency_experiment,completed,20260507_231608,2026-05-07T23:16:49+0200,2,6,0,0,0,6,16001,5159,21160,41.5445,Candidate C,consensus,Candidate C,1,,,,not_applicable,,01_data/raw/simulations/high/high_baseline_20260507_140016_027/metadata.json,0,0,3,0,,,
high_baseline_20260507_140016_028,high,baseline,False,transparency_experiment,completed,20260507_231652,2026-05-07T23:17:41+0200,2,6,0,0,0,6,16223,6300,22523,48.4443,Candidate C,consensus,Candidate C,1,,,,not_applicable,,01_data/raw/simulations/high/high_baseline_20260507_140016_028/metadata.json,0,0,3,0,,,
high_baseline_20260507_140016_029,high,baseline,False,transparency_experiment,completed,20260507_231744,2026-05-07T23:18:30+0200,2,6,0,0,0,6,16389,6731,23120,46.407,Candidate A,consensus,Candidate C,0,,,,not_applicable,,01_data/raw/simulations/high/high_baseline_20260507_140016_029/metadata.json,3,0,0,0,,,
high_baseline_20260507_140016_030,high,baseline,False,transparency_experiment,completed,20260507_231833,2026-05-07T23:19:18+0200,2,6,0,0,0,6,15566,6142,21708,44.5696,Candidate A,consensus,Candidate C,0,,,,not_applicable,,01_data/raw/simulations/high/high_baseline_20260507_140016_030/metadata.json,3,0,0,0,,,
high_treatment_20260507_140016_001,high,treatment,True,transparency_experiment,completed,20260507_191016,2026-05-07T19:15:46+0200,5,15,0,0,45,15,321332,70114,391446,329.8667,Candidate A,consensus,Candidate C,0,0.905631,0.897172,0.910625,embedding_cosine,nvidia/llama-nemotron-embed-1b-v2,01_data/raw/simulations/high/high_treatment_20260507_140016_001/metadata.json,3,0,0,0,0.909095,0.897172,0.910625
high_treatment_20260507_140016_002,high,treatment,True,transparency_experiment,completed,20260507_191549,2026-05-07T19:21:25+0200,5,15,2,4,45,19,335023,70903,405926,336.3073,Candidate A,consensus,Candidate C,0,0.918176,0.913914,0.925269,embedding_cosine,nvidia/llama-nemotron-embed-1b-v2,01_data/raw/simulations/high/high_treatment_20260507_140016_002/metadata.json,3,0,0,0,0.915346,0.925269,0.913914
high_treatment_20260507_140016_003,high,treatment,True,transparency_experiment,completed,20260507_192128,2026-05-07T19:23:50+0200,2,6,1,2,18,8,85885,27620,113505,142.0138,Candidate A,consensus,Candidate C,0,0.888709,0.855721,0.93328,embedding_cosine,nvidia/llama-nemotron-embed-1b-v2,01_data/raw/simulations/high/high_treatment_20260507_140016_003/metadata.json,3,0,0,0,0.855721,0.877125,0.93328
high_treatment_20260507_140016_004,high,treatment,True,transparency_experiment,completed,20260507_192353,2026-05-07T19:28:37+0200,4,12,3,6,36,18,270621,58555,329176,283.8193,Candidate B,consensus,Candidate C,0,0.866091,0.820421,0.898492,embedding_cosine,nvidia/llama-nemotron-embed-1b-v2,01_data/raw/simulations/high/high_treatment_20260507_140016_004/metadata.json,0,3,0,0,0.820421,0.898492,0.879361
high_treatment_20260507_140016_005,high,treatment,True,transparency_experiment,completed,20260507_192840,2026-05-07T19:34:44+0200,5,15,1,2,45,17,355771,73290,429061,363.7176,Candidate C,max_round_majority_vote,Candidate C,1,0.929156,0.920877,0.933397,embedding_cosine,nvidia/llama-nemotron-embed-1b-v2,01_data/raw/simulations/high/high_treatment_20260507_140016_005/metadata.json,1,0,2,0,0.933193,0.933397,0.920877
high_treatment_20260507_140016_006,high,treatment,True,transparency_experiment,completed,20260507_193447,2026-05-07T19:38:15+0200,2,6,0,0,18,6,79715,25545,105260,208.9146,Candidate B,consensus,Candidate C,0,0.788239,0.734114,0.818739,embedding_cosine,nvidia/llama-nemotron-embed-1b-v2,01_data/raw/simulations/high/high_treatment_20260507_140016_006/metadata.json,0,3,0,0,0.734114,0.818739,0.811865
high_treatment_20260507_140016_007,high,treatment,True,transparency_experiment,completed,20260507_193819,2026-05-07T19:41:53+0200,3,9,0,0,27,9,143712,45139,188851,213.8645,Candidate C,consensus,Candidate C,1,0.865026,0.831392,0.917821,embedding_cosine,nvidia/llama-nemotron-embed-1b-v2,01_data/raw/simulations/high/high_treatment_20260507_140016_007/metadata.json,0,0,3,0,0.845864,0.917821,0.831392
high_treatment_20260507_140016_008,high,treatment,True,transparency_experiment,completed,20260507_194156,2026-05-07T19:44:42+0200,2,6,0,0,18,6,77882,28266,106148,165.9261,Candidate C,consensus,Candidate C,1,0.800907,0.728043,0.938538,embedding_cosine,nvidia/llama-nemotron-embed-1b-v2,01_data/raw/simulations/high/high_treatment_20260507_140016_008/metadata.json,0,0,3,0,0.728043,0.736139,0.938538
high_treatment_20260507_140016_009,high,treatment,True,transparency_experiment,completed,20260507_194445,2026-05-07T19:49:00+0200,3,9,1,2,27,11,152500,43568,196068,254.9054,Candidate B,consensus,Candidate C,0,0.822018,0.763848,0.908497,embedding_cosine,nvidia/llama-nemotron-embed-1b-v2,01_data/raw/simulations/high/high_treatment_20260507_140016_009/metadata.json,0,3,0,0,0.793709,0.763848,0.908497
high_treatment_20260507_140016_010,high,treatment,True,transparency_experiment,completed,20260507_194903,2026-05-07T19:55:25+0200,5,15,2,4,45,19,340747,68106,408853,381.9117,Candidate C,consensus,Candidate C,1,0.852974,0.822084,0.910674,embedding_cosine,nvidia/llama-nemotron-embed-1b-v2,01_data/raw/simulations/high/high_treatment_20260507_140016_010/metadata.json,0,0,3,0,0.826164,0.822084,0.910674
high_treatment_20260507_140016_011,high,treatment,True,transparency_experiment,completed,20260507_195528,2026-05-07T19:59:45+0200,3,9,1,2,27,11,151830,43584,195414,256.5125,Candidate C,consensus,Candidate C,1,0.898059,0.889691,0.906993,embedding_cosine,nvidia/llama-nemotron-embed-1b-v2,01_data/raw/simulations/high/high_treatment_20260507_140016_011/metadata.json,0,0,3,0,0.889691,0.897492,0.906993
high_treatment_20260507_140016_012,high,treatment,True,transparency_experiment,completed,20260507_195948,2026-05-07T20:03:02+0200,2,6,1,2,18,8,86278,27711,113989,193.9628,Candidate B,consensus,Candidate C,0,0.81672,0.789318,0.832862,embedding_cosine,nvidia/llama-nemotron-embed-1b-v2,01_data/raw/simulations/high/high_treatment_20260507_140016_012/metadata.json,0,3,0,0,0.832862,0.789318,0.827979
high_treatment_20260507_140016_013,high,treatment,True,transparency_experiment,completed,20260507_200305,2026-05-07T20:05:50+0200,2,6,0,0,18,6,80797,26031,106828,165.0125,Candidate B,consensus,Candidate C,0,0.89062,0.862902,0.912538,embedding_cosine,nvidia/llama-nemotron-embed-1b-v2,01_data/raw/simulations/high/high_treatment_20260507_140016_013/metadata.json,0,3,0,0,0.862902,0.896421,0.912538
high_treatment_20260507_140016_014,high,treatment,True,transparency_experiment,completed,20260507_200553,2026-05-07T20:08:36+0200,2,6,0,0,18,6,81615,27426,109041,162.9693,Candidate B,consensus,Candidate C,0,0.83941,0.796925,0.913159,embedding_cosine,nvidia/llama-nemotron-embed-1b-v2,01_data/raw/simulations/high/high_treatment_20260507_140016_014/metadata.json,0,3,0,0,0.796925,0.808145,0.913159
high_treatment_20260507_140016_015,high,treatment,True,transparency_experiment,completed,20260507_200839,2026-05-07T20:14:21+0200,5,15,0,0,45,15,320254,73653,393907,341.5826,Candidate D,max_round_majority_vote,Candidate C,0,0.867884,0.834326,0.913831,embedding_cosine,nvidia/llama-nemotron-embed-1b-v2,01_data/raw/simulations/high/high_treatment_20260507_140016_015/metadata.json,1,0,0,2,0.834326,0.855495,0.913831
high_treatment_20260507_140016_016,high,treatment,True,transparency_experiment,completed,20260507_201424,2026-05-07T20:18:31+0200,3,9,2,4,27,13,161399,46771,208170,246.6296,Candidate A,consensus,Candidate C,0,0.857969,0.818379,0.905656,embedding_cosine,nvidia/llama-nemotron-embed-1b-v2,01_data/raw/simulations/high/high_treatment_20260507_140016_016/metadata.json,3,0,0,0,0.818379,0.849871,0.905656
high_treatment_20260507_140016_017,high,treatment,True,transparency_experiment,completed,20260507_201833,2026-05-07T20:21:43+0200,2,6,0,0,18,6,77373,28545,105918,189.2567,Candidate A,consensus,Candidate C,0,0.901681,0.898942,0.903256,embedding_cosine,nvidia/llama-nemotron-embed-1b-v2,01_data/raw/simulations/high/high_treatment_20260507_140016_017/metadata.json,3,0,0,0,0.902844,0.903256,0.898942
high_treatment_20260507_140016_018,high,treatment,True,transparency_experiment,completed,20260507_202146,2026-05-07T20:27:17+0200,5,15,2,4,45,19,335283,67637,402920,330.9419,Candidate B,max_round_majority_vote,Candidate C,0,0.914576,0.898538,0.937477,embedding_cosine,nvidia/llama-nemotron-embed-1b-v2,01_data/raw/simulations/high/high_treatment_20260507_140016_018/metadata.json,0,2,1,0,0.898538,0.937477,0.907713
high_treatment_20260507_140016_019,high,treatment,True,transparency_experiment,completed,20260507_202720,2026-05-07T20:29:59+0200,2,6,0,0,18,6,78422,27394,105816,159.6101,Candidate A,consensus,Candidate C,0,0.812905,0.745756,0.946997,embedding_cosine,nvidia/llama-nemotron-embed-1b-v2,01_data/raw/simulations/high/high_treatment_20260507_140016_019/metadata.json,3,0,0,0,0.745756,0.946997,0.745962
high_treatment_20260507_140016_020,high,treatment,True,transparency_experiment,completed,20260507_203002,2026-05-07T20:34:47+0200,4,12,0,0,36,12,219570,58073,277643,285.2054,Candidate B,consensus,Candidate C,0,0.904998,0.89608,0.912814,embedding_cosine,nvidia/llama-nemotron-embed-1b-v2,01_data/raw/simulations/high/high_treatment_20260507_140016_020/metadata.json,0,3,0,0,0.89608,0.912814,0.906099
high_treatment_20260507_140016_021,high,treatment,True,transparency_experiment,completed,20260507_203451,2026-05-07T20:38:51+0200,3,9,2,4,27,13,158374,44058,202432,240.0766,Candidate B,consensus,Candidate C,0,0.855184,0.828893,0.905172,embedding_cosine,nvidia/llama-nemotron-embed-1b-v2,01_data/raw/simulations/high/high_treatment_20260507_140016_021/metadata.json,0,3,0,0,0.831487,0.828893,0.905172
high_treatment_20260507_140016_022,high,treatment,True,transparency_experiment,completed,20260507_203854,2026-05-07T20:41:54+0200,2,6,0,0,18,6,80920,29418,110338,180.1339,Candidate B,consensus,Candidate C,0,0.804426,0.707552,0.925955,embedding_cosine,nvidia/llama-nemotron-embed-1b-v2,01_data/raw/simulations/high/high_treatment_20260507_140016_022/metadata.json,0,3,0,0,0.77977,0.925955,0.707552
high_treatment_20260507_140016_023,high,treatment,True,transparency_experiment,completed,20260507_204157,2026-05-07T20:44:51+0200,2,6,1,2,18,8,83828,27960,111788,173.6506,Candidate C,consensus,Candidate C,1,0.82124,0.7717,0.884319,embedding_cosine,nvidia/llama-nemotron-embed-1b-v2,01_data/raw/simulations/high/high_treatment_20260507_140016_023/metadata.json,0,0,3,0,0.884319,0.807701,0.7717
high_treatment_20260507_140016_024,high,treatment,True,transparency_experiment,completed,20260507_204454,2026-05-07T20:49:42+0200,4,12,2,4,36,16,253394,57529,310923,288.3316,Candidate B,consensus,Candidate C,0,0.896384,0.865455,0.949754,embedding_cosine,nvidia/llama-nemotron-embed-1b-v2,01_data/raw/simulations/high/high_treatment_20260507_140016_024/metadata.json,0,3,0,0,0.949754,0.873942,0.865455
high_treatment_20260507_140016_025,high,treatment,True,transparency_experiment,completed,20260507_204945,2026-05-07T20:52:30+0200,2,6,1,2,18,8,87874,29653,117527,164.356,Candidate A,consensus,Candidate C,0,0.907702,0.904871,0.910768,embedding_cosine,nvidia/llama-nemotron-embed-1b-v2,01_data/raw/simulations/high/high_treatment_20260507_140016_025/metadata.json,3,0,0,0,0.904871,0.910768,0.907466
high_treatment_20260507_140016_026,high,treatment,True,transparency_experiment,completed,20260507_205232,2026-05-07T20:57:05+0200,3,9,1,2,27,11,155687,46675,202362,272.2168,Candidate B,consensus,Candidate C,0,0.897483,0.883135,0.913752,embedding_cosine,nvidia/llama-nemotron-embed-1b-v2,01_data/raw/simulations/high/high_treatment_20260507_140016_026/metadata.json,0,3,0,0,0.895561,0.883135,0.913752
high_treatment_20260507_140016_027,high,treatment,True,transparency_experiment,completed,20260507_205708,2026-05-07T21:00:00+0200,2,6,0,0,18,6,79389,29692,109081,172.3772,Candidate C,consensus,Candidate C,1,0.837828,0.78724,0.924783,embedding_cosine,nvidia/llama-nemotron-embed-1b-v2,01_data/raw/simulations/high/high_treatment_20260507_140016_027/metadata.json,0,0,3,0,0.924783,0.801461,0.78724
high_treatment_20260507_140016_028,high,treatment,True,transparency_experiment,completed,20260507_210003,2026-05-07T21:02:37+0200,2,6,0,0,18,6,78673,27707,106380,153.0793,Candidate B,consensus,Candidate C,0,0.811539,0.780784,0.859305,embedding_cosine,nvidia/llama-nemotron-embed-1b-v2,01_data/raw/simulations/high/high_treatment_20260507_140016_028/metadata.json,0,3,0,0,0.794529,0.859305,0.780784
high_treatment_20260507_140016_029,high,treatment,True,transparency_experiment,completed,20260507_210239,2026-05-07T21:05:21+0200,2,6,1,2,18,8,87034,26489,113523,161.3368,Candidate C,consensus,Candidate C,1,0.913898,0.88941,0.938106,embedding_cosine,nvidia/llama-nemotron-embed-1b-v2,01_data/raw/simulations/high/high_treatment_20260507_140016_029/metadata.json,0,0,3,0,0.938106,0.88941,0.914179
high_treatment_20260507_140016_030,high,treatment,True,transparency_experiment,completed,20260507_210524,2026-05-07T21:07:55+0200,2,6,0,0,18,6,70095,26174,96269,150.8989,Candidate B,consensus,Candidate C,0,0.921699,0.916721,0.930764,embedding_cosine,nvidia/llama-nemotron-embed-1b-v2,01_data/raw/simulations/high/high_treatment_20260507_140016_030/metadata.json,0,3,0,0,0.930764,0.917612,0.916721
